{
  "0010,0010": "002001",
  "0010,0020": "002001",
  "0010,0030": "19700101",
  "0010,0040": "N",
  "0008,0050": "HASH",
  "0008,0080": "HASH",
  "0008,0090": "HASH",
  "0008,1030": "HASH",
  "0008,1050": "HASH",
  "0008,1060": "HASH",
  "0008,1070": "HASH",
  "0008,1090": "HASH",
  "0010,1000": "HASH",
  "0010,1002": "HASH",
  "0010,1010": "HASH",
  "0010,1020": "HASH",
  "0010,1030": "HASH",
  "0010,21B0": "HASH",
  "0020,4000": "HASH",
  "0040,0244": "HASH",
  "0040,0245": "HASH",
  "0040,0253": "HASH",
  "0040,0254": "HASH",
  "0040,0275": "HASH",
  "0040,1008": "HASH",
  "07A1,1070": "HASH",
  "07A3,1015": "HASH",
  "07A3,1019": "HASH",
  "07A3,101D": "HASH",
  "07A3,101A": "HASH",
  "07A3,101B": "HASH",
  "07A3,101C": "HASH",
  "07A3,101F": "HASH",
  "07A3,1022": "HASH",
  "07A3,1023": "HASH",
  "07A3,1024": "HASH",
  "07A3,1034": "HASH",
  "07A3,10C2": "HASH",
  "07A3,10C3": "HASH",
  "07A3,10C4": "HASH",
  "07A3,10CC": "HASH",
  "07A3,10C5": "HASH"
}

